seed,model,post_change_epoch,accuracy_new_environment,accuracy_old_environment
11,Model A: L2 regularization,1,0.35185185185185186,0.8740740740740741
11,Model B: no L2 regularization,1,0.35185185185185186,0.8740740740740741
11,Model A: L2 regularization,2,0.4703703703703704,0.8666666666666667
11,Model B: no L2 regularization,2,0.4703703703703704,0.8666666666666667
11,Model A: L2 regularization,3,0.5833333333333334,0.8611111111111112
11,Model B: no L2 regularization,3,0.5833333333333334,0.8611111111111112
11,Model A: L2 regularization,4,0.6574074074074074,0.8407407407407408
11,Model B: no L2 regularization,4,0.6574074074074074,0.8407407407407408
11,Model A: L2 regularization,5,0.7222222222222222,0.8296296296296296
11,Model B: no L2 regularization,5,0.7222222222222222,0.8296296296296296
11,Model A: L2 regularization,6,0.7777777777777778,0.8092592592592592
11,Model B: no L2 regularization,6,0.7777777777777778,0.8092592592592592
11,Model A: L2 regularization,7,0.8037037037037037,0.7925925925925926
11,Model B: no L2 regularization,7,0.8037037037037037,0.7925925925925926
11,Model A: L2 regularization,8,0.8203703703703704,0.7759259259259259
11,Model B: no L2 regularization,8,0.8203703703703704,0.7759259259259259
11,Model A: L2 regularization,9,0.8314814814814815,0.7666666666666667
11,Model B: no L2 regularization,9,0.8314814814814815,0.7666666666666667
11,Model A: L2 regularization,10,0.8518518518518519,0.7555555555555555
11,Model B: no L2 regularization,10,0.8518518518518519,0.7555555555555555
11,Model A: L2 regularization,11,0.8574074074074074,0.7462962962962963
11,Model B: no L2 regularization,11,0.8574074074074074,0.7462962962962963
11,Model A: L2 regularization,12,0.8611111111111112,0.7462962962962963
11,Model B: no L2 regularization,12,0.8611111111111112,0.7462962962962963
11,Model A: L2 regularization,13,0.8666666666666667,0.7333333333333333
11,Model B: no L2 regularization,13,0.8666666666666667,0.7333333333333333
11,Model A: L2 regularization,14,0.8703703703703703,0.7277777777777777
11,Model B: no L2 regularization,14,0.8703703703703703,0.7277777777777777
11,Model A: L2 regularization,15,0.8759259259259259,0.7203703703703703
11,Model B: no L2 regularization,15,0.8759259259259259,0.7203703703703703
11,Model A: L2 regularization,16,0.8814814814814815,0.7148148148148148
11,Model B: no L2 regularization,16,0.8814814814814815,0.7148148148148148
11,Model A: L2 regularization,17,0.8851851851851852,0.7074074074074074
11,Model B: no L2 regularization,17,0.8851851851851852,0.7074074074074074
11,Model A: L2 regularization,18,0.8888888888888888,0.6962962962962963
11,Model B: no L2 regularization,18,0.8888888888888888,0.6962962962962963
11,Model A: L2 regularization,19,0.8962962962962963,0.6851851851851852
11,Model B: no L2 regularization,19,0.8962962962962963,0.6851851851851852
11,Model A: L2 regularization,20,0.9,0.6833333333333333
11,Model B: no L2 regularization,20,0.9,0.6833333333333333
11,Model A: L2 regularization,21,0.9018518518518519,0.6814814814814815
11,Model B: no L2 regularization,21,0.9018518518518519,0.6814814814814815
11,Model A: L2 regularization,22,0.9037037037037037,0.674074074074074
11,Model B: no L2 regularization,22,0.9037037037037037,0.674074074074074
11,Model A: L2 regularization,23,0.9074074074074074,0.6703703703703704
11,Model B: no L2 regularization,23,0.9074074074074074,0.6703703703703704
11,Model A: L2 regularization,24,0.9092592592592592,0.6685185185185185
11,Model B: no L2 regularization,24,0.9092592592592592,0.6685185185185185
11,Model A: L2 regularization,25,0.9092592592592592,0.6685185185185185
11,Model B: no L2 regularization,25,0.9092592592592592,0.6685185185185185
11,Model A: L2 regularization,26,0.9092592592592592,0.662962962962963
11,Model B: no L2 regularization,26,0.9092592592592592,0.662962962962963
11,Model A: L2 regularization,27,0.912962962962963,0.6574074074074074
11,Model B: no L2 regularization,27,0.912962962962963,0.6574074074074074
11,Model A: L2 regularization,28,0.9148148148148149,0.6537037037037037
11,Model B: no L2 regularization,28,0.9148148148148149,0.6537037037037037
11,Model A: L2 regularization,29,0.9166666666666666,0.6537037037037037
11,Model B: no L2 regularization,29,0.9166666666666666,0.6537037037037037
11,Model A: L2 regularization,30,0.9166666666666666,0.6481481481481481
11,Model B: no L2 regularization,30,0.9185185185185185,0.6481481481481481
22,Model A: L2 regularization,1,0.42777777777777776,0.8222222222222222
22,Model B: no L2 regularization,1,0.42777777777777776,0.8222222222222222
22,Model A: L2 regularization,2,0.5685185185185185,0.8111111111111111
22,Model B: no L2 regularization,2,0.5685185185185185,0.8092592592592592
22,Model A: L2 regularization,3,0.6296296296296297,0.7962962962962963
22,Model B: no L2 regularization,3,0.6296296296296297,0.7962962962962963
22,Model A: L2 regularization,4,0.6814814814814815,0.7870370370370371
22,Model B: no L2 regularization,4,0.6814814814814815,0.7870370370370371
22,Model A: L2 regularization,5,0.7314814814814815,0.7722222222222223
22,Model B: no L2 regularization,5,0.7314814814814815,0.7722222222222223
22,Model A: L2 regularization,6,0.7592592592592593,0.7518518518518519
22,Model B: no L2 regularization,6,0.7592592592592593,0.7518518518518519
22,Model A: L2 regularization,7,0.7833333333333333,0.7481481481481481
22,Model B: no L2 regularization,7,0.7833333333333333,0.7481481481481481
22,Model A: L2 regularization,8,0.7944444444444444,0.7407407407407407
22,Model B: no L2 regularization,8,0.7944444444444444,0.7425925925925926
22,Model A: L2 regularization,9,0.8185185185185185,0.7351851851851852
22,Model B: no L2 regularization,9,0.8185185185185185,0.7351851851851852
22,Model A: L2 regularization,10,0.8296296296296296,0.725925925925926
22,Model B: no L2 regularization,10,0.8296296296296296,0.725925925925926
22,Model A: L2 regularization,11,0.837037037037037,0.725925925925926
22,Model B: no L2 regularization,11,0.837037037037037,0.725925925925926
22,Model A: L2 regularization,12,0.85,0.7222222222222222
22,Model B: no L2 regularization,12,0.85,0.7222222222222222
22,Model A: L2 regularization,13,0.8648148148148148,0.7148148148148148
22,Model B: no L2 regularization,13,0.8648148148148148,0.7148148148148148
22,Model A: L2 regularization,14,0.8722222222222222,0.7092592592592593
22,Model B: no L2 regularization,14,0.8722222222222222,0.7111111111111111
22,Model A: L2 regularization,15,0.8722222222222222,0.7111111111111111
22,Model B: no L2 regularization,15,0.8722222222222222,0.7111111111111111
22,Model A: L2 regularization,16,0.8740740740740741,0.7037037037037037
22,Model B: no L2 regularization,16,0.8740740740740741,0.7037037037037037
22,Model A: L2 regularization,17,0.8740740740740741,0.6962962962962963
22,Model B: no L2 regularization,17,0.8740740740740741,0.6962962962962963
22,Model A: L2 regularization,18,0.8796296296296297,0.6907407407407408
22,Model B: no L2 regularization,18,0.8796296296296297,0.6907407407407408
22,Model A: L2 regularization,19,0.8870370370370371,0.687037037037037
22,Model B: no L2 regularization,19,0.8870370370370371,0.6888888888888889
22,Model A: L2 regularization,20,0.8907407407407407,0.687037037037037
22,Model B: no L2 regularization,20,0.8907407407407407,0.687037037037037
22,Model A: L2 regularization,21,0.8944444444444445,0.6833333333333333
22,Model B: no L2 regularization,21,0.8944444444444445,0.6833333333333333
22,Model A: L2 regularization,22,0.8981481481481481,0.6814814814814815
22,Model B: no L2 regularization,22,0.8981481481481481,0.6814814814814815
22,Model A: L2 regularization,23,0.9,0.6759259259259259
22,Model B: no L2 regularization,23,0.9,0.6759259259259259
22,Model A: L2 regularization,24,0.9018518518518519,0.674074074074074
22,Model B: no L2 regularization,24,0.9018518518518519,0.674074074074074
22,Model A: L2 regularization,25,0.9018518518518519,0.6685185185185185
22,Model B: no L2 regularization,25,0.9018518518518519,0.6685185185185185
22,Model A: L2 regularization,26,0.9055555555555556,0.6666666666666666
22,Model B: no L2 regularization,26,0.9055555555555556,0.6666666666666666
22,Model A: L2 regularization,27,0.9074074074074074,0.6592592592592592
22,Model B: no L2 regularization,27,0.9074074074074074,0.6592592592592592
22,Model A: L2 regularization,28,0.912962962962963,0.6592592592592592
22,Model B: no L2 regularization,28,0.912962962962963,0.6592592592592592
22,Model A: L2 regularization,29,0.9148148148148149,0.6574074074074074
22,Model B: no L2 regularization,29,0.9148148148148149,0.6574074074074074
22,Model A: L2 regularization,30,0.9166666666666666,0.6518518518518519
22,Model B: no L2 regularization,30,0.9166666666666666,0.6518518518518519
33,Model A: L2 regularization,1,0.2833333333333333,0.837037037037037
33,Model B: no L2 regularization,1,0.2851851851851852,0.837037037037037
33,Model A: L2 regularization,2,0.45,0.8240740740740741
33,Model B: no L2 regularization,2,0.4537037037037037,0.8240740740740741
33,Model A: L2 regularization,3,0.5666666666666667,0.8203703703703704
33,Model B: no L2 regularization,3,0.5648148148148148,0.8203703703703704
33,Model A: L2 regularization,4,0.6203703703703703,0.8166666666666667
33,Model B: no L2 regularization,4,0.6203703703703703,0.8166666666666667
33,Model A: L2 regularization,5,0.674074074074074,0.8222222222222222
33,Model B: no L2 regularization,5,0.674074074074074,0.8203703703703704
33,Model A: L2 regularization,6,0.7314814814814815,0.8185185185185185
33,Model B: no L2 regularization,6,0.7314814814814815,0.8185185185185185
33,Model A: L2 regularization,7,0.7759259259259259,0.8185185185185185
33,Model B: no L2 regularization,7,0.7759259259259259,0.8185185185185185
33,Model A: L2 regularization,8,0.7888888888888889,0.8111111111111111
33,Model B: no L2 regularization,8,0.7907407407407407,0.8092592592592592
33,Model A: L2 regularization,9,0.8148148148148148,0.8
33,Model B: no L2 regularization,9,0.8148148148148148,0.8
33,Model A: L2 regularization,10,0.8277777777777777,0.7925925925925926
33,Model B: no L2 regularization,10,0.8277777777777777,0.7907407407407407
33,Model A: L2 regularization,11,0.8425925925925926,0.7833333333333333
33,Model B: no L2 regularization,11,0.8425925925925926,0.7833333333333333
33,Model A: L2 regularization,12,0.8518518518518519,0.7759259259259259
33,Model B: no L2 regularization,12,0.8518518518518519,0.7759259259259259
33,Model A: L2 regularization,13,0.8574074074074074,0.7685185185185185
33,Model B: no L2 regularization,13,0.8574074074074074,0.7685185185185185
33,Model A: L2 regularization,14,0.8611111111111112,0.7648148148148148
33,Model B: no L2 regularization,14,0.8611111111111112,0.7648148148148148
33,Model A: L2 regularization,15,0.8722222222222222,0.7537037037037037
33,Model B: no L2 regularization,15,0.8722222222222222,0.7555555555555555
33,Model A: L2 regularization,16,0.8796296296296297,0.7518518518518519
33,Model B: no L2 regularization,16,0.8796296296296297,0.7518518518518519
33,Model A: L2 regularization,17,0.8888888888888888,0.7407407407407407
33,Model B: no L2 regularization,17,0.8888888888888888,0.7425925925925926
33,Model A: L2 regularization,18,0.8925925925925926,0.7351851851851852
33,Model B: no L2 regularization,18,0.8925925925925926,0.737037037037037
33,Model A: L2 regularization,19,0.8981481481481481,0.725925925925926
33,Model B: no L2 regularization,19,0.8981481481481481,0.7277777777777777
33,Model A: L2 regularization,20,0.8981481481481481,0.7129629629629629
33,Model B: no L2 regularization,20,0.8981481481481481,0.7129629629629629
33,Model A: L2 regularization,21,0.9037037037037037,0.7018518518518518
33,Model B: no L2 regularization,21,0.9037037037037037,0.7018518518518518
33,Model A: L2 regularization,22,0.9055555555555556,0.6981481481481482
33,Model B: no L2 regularization,22,0.9074074074074074,0.6981481481481482
33,Model A: L2 regularization,23,0.9037037037037037,0.6907407407407408
33,Model B: no L2 regularization,23,0.9055555555555556,0.6907407407407408
33,Model A: L2 regularization,24,0.9074074074074074,0.6796296296296296
33,Model B: no L2 regularization,24,0.9074074074074074,0.6796296296296296
33,Model A: L2 regularization,25,0.9092592592592592,0.6703703703703704
33,Model B: no L2 regularization,25,0.9092592592592592,0.6703703703703704
33,Model A: L2 regularization,26,0.9074074074074074,0.6648148148148149
33,Model B: no L2 regularization,26,0.9074074074074074,0.6648148148148149
33,Model A: L2 regularization,27,0.9111111111111111,0.6592592592592592
33,Model B: no L2 regularization,27,0.9111111111111111,0.6592592592592592
33,Model A: L2 regularization,28,0.9111111111111111,0.6537037037037037
33,Model B: no L2 regularization,28,0.9111111111111111,0.6537037037037037
33,Model A: L2 regularization,29,0.9111111111111111,0.65
33,Model B: no L2 regularization,29,0.9111111111111111,0.65
33,Model A: L2 regularization,30,0.9148148148148149,0.6425925925925926
33,Model B: no L2 regularization,30,0.9148148148148149,0.6425925925925926
44,Model A: L2 regularization,1,0.43333333333333335,0.837037037037037
44,Model B: no L2 regularization,1,0.43333333333333335,0.837037037037037
44,Model A: L2 regularization,2,0.5685185185185185,0.825925925925926
44,Model B: no L2 regularization,2,0.5685185185185185,0.825925925925926
44,Model A: L2 regularization,3,0.6518518518518519,0.8240740740740741
44,Model B: no L2 regularization,3,0.6518518518518519,0.8240740740740741
44,Model A: L2 regularization,4,0.6981481481481482,0.8111111111111111
44,Model B: no L2 regularization,4,0.6981481481481482,0.8111111111111111
44,Model A: L2 regularization,5,0.7481481481481481,0.8092592592592592
44,Model B: no L2 regularization,5,0.7481481481481481,0.8092592592592592
44,Model A: L2 regularization,6,0.7777777777777778,0.8
44,Model B: no L2 regularization,6,0.7777777777777778,0.8
44,Model A: L2 regularization,7,0.7925925925925926,0.7833333333333333
44,Model B: no L2 regularization,7,0.7925925925925926,0.7833333333333333
44,Model A: L2 regularization,8,0.8037037037037037,0.7666666666666667
44,Model B: no L2 regularization,8,0.8037037037037037,0.7666666666666667
44,Model A: L2 regularization,9,0.8203703703703704,0.75
44,Model B: no L2 regularization,9,0.8203703703703704,0.75
44,Model A: L2 regularization,10,0.8203703703703704,0.7407407407407407
44,Model B: no L2 regularization,10,0.8203703703703704,0.7407407407407407
44,Model A: L2 regularization,11,0.8240740740740741,0.7148148148148148
44,Model B: no L2 regularization,11,0.8240740740740741,0.7148148148148148
44,Model A: L2 regularization,12,0.8296296296296296,0.7074074074074074
44,Model B: no L2 regularization,12,0.8296296296296296,0.7074074074074074
44,Model A: L2 regularization,13,0.8296296296296296,0.6925925925925925
44,Model B: no L2 regularization,13,0.8296296296296296,0.6925925925925925
44,Model A: L2 regularization,14,0.8351851851851851,0.6888888888888889
44,Model B: no L2 regularization,14,0.8351851851851851,0.6888888888888889
44,Model A: L2 regularization,15,0.8388888888888889,0.6833333333333333
44,Model B: no L2 regularization,15,0.8388888888888889,0.6833333333333333
44,Model A: L2 regularization,16,0.8481481481481481,0.6703703703703704
44,Model B: no L2 regularization,16,0.8462962962962963,0.6703703703703704
44,Model A: L2 regularization,17,0.8481481481481481,0.6611111111111111
44,Model B: no L2 regularization,17,0.8481481481481481,0.6611111111111111
44,Model A: L2 regularization,18,0.85,0.6537037037037037
44,Model B: no L2 regularization,18,0.85,0.6537037037037037
44,Model A: L2 regularization,19,0.8555555555555555,0.6444444444444445
44,Model B: no L2 regularization,19,0.8555555555555555,0.6444444444444445
44,Model A: L2 regularization,20,0.8592592592592593,0.6425925925925926
44,Model B: no L2 regularization,20,0.8592592592592593,0.6425925925925926
44,Model A: L2 regularization,21,0.8592592592592593,0.6407407407407407
44,Model B: no L2 regularization,21,0.8592592592592593,0.6407407407407407
44,Model A: L2 regularization,22,0.8611111111111112,0.6314814814814815
44,Model B: no L2 regularization,22,0.8611111111111112,0.6314814814814815
44,Model A: L2 regularization,23,0.8629629629629629,0.6222222222222222
44,Model B: no L2 regularization,23,0.8629629629629629,0.6222222222222222
44,Model A: L2 regularization,24,0.8666666666666667,0.6092592592592593
44,Model B: no L2 regularization,24,0.8666666666666667,0.6092592592592593
44,Model A: L2 regularization,25,0.8703703703703703,0.6037037037037037
44,Model B: no L2 regularization,25,0.8703703703703703,0.6037037037037037
44,Model A: L2 regularization,26,0.8722222222222222,0.6018518518518519
44,Model B: no L2 regularization,26,0.8722222222222222,0.6018518518518519
44,Model A: L2 regularization,27,0.8777777777777778,0.5981481481481481
44,Model B: no L2 regularization,27,0.8777777777777778,0.5981481481481481
44,Model A: L2 regularization,28,0.8777777777777778,0.5981481481481481
44,Model B: no L2 regularization,28,0.8777777777777778,0.5981481481481481
44,Model A: L2 regularization,29,0.8814814814814815,0.5907407407407408
44,Model B: no L2 regularization,29,0.8814814814814815,0.5907407407407408
44,Model A: L2 regularization,30,0.8833333333333333,0.5814814814814815
44,Model B: no L2 regularization,30,0.8833333333333333,0.5814814814814815
55,Model A: L2 regularization,1,0.2518518518518518,0.8407407407407408
55,Model B: no L2 regularization,1,0.2518518518518518,0.8407407407407408
55,Model A: L2 regularization,2,0.44074074074074077,0.8092592592592592
55,Model B: no L2 regularization,2,0.44074074074074077,0.8092592592592592
55,Model A: L2 regularization,3,0.5444444444444444,0.8
55,Model B: no L2 regularization,3,0.5444444444444444,0.8
55,Model A: L2 regularization,4,0.6296296296296297,0.7851851851851852
55,Model B: no L2 regularization,4,0.6296296296296297,0.7851851851851852
55,Model A: L2 regularization,5,0.6944444444444444,0.7666666666666667
55,Model B: no L2 regularization,5,0.6944444444444444,0.7666666666666667
55,Model A: L2 regularization,6,0.737037037037037,0.75
55,Model B: no L2 regularization,6,0.7388888888888889,0.7518518518518519
55,Model A: L2 regularization,7,0.7685185185185185,0.737037037037037
55,Model B: no L2 regularization,7,0.7685185185185185,0.737037037037037
55,Model A: L2 regularization,8,0.7851851851851852,0.7296296296296296
55,Model B: no L2 regularization,8,0.7851851851851852,0.7296296296296296
55,Model A: L2 regularization,9,0.7888888888888889,0.7203703703703703
55,Model B: no L2 regularization,9,0.7888888888888889,0.7203703703703703
55,Model A: L2 regularization,10,0.8074074074074075,0.7111111111111111
55,Model B: no L2 regularization,10,0.8074074074074075,0.7111111111111111
55,Model A: L2 regularization,11,0.8296296296296296,0.6907407407407408
55,Model B: no L2 regularization,11,0.8296296296296296,0.6907407407407408
55,Model A: L2 regularization,12,0.837037037037037,0.6796296296296296
55,Model B: no L2 regularization,12,0.837037037037037,0.6796296296296296
55,Model A: L2 regularization,13,0.85,0.674074074074074
55,Model B: no L2 regularization,13,0.85,0.674074074074074
55,Model A: L2 regularization,14,0.8537037037037037,0.6666666666666666
55,Model B: no L2 regularization,14,0.8537037037037037,0.6666666666666666
55,Model A: L2 regularization,15,0.8592592592592593,0.662962962962963
55,Model B: no L2 regularization,15,0.8592592592592593,0.662962962962963
55,Model A: L2 regularization,16,0.8648148148148148,0.6574074074074074
55,Model B: no L2 regularization,16,0.8648148148148148,0.6574074074074074
55,Model A: L2 regularization,17,0.8722222222222222,0.6481481481481481
55,Model B: no L2 regularization,17,0.8722222222222222,0.6481481481481481
55,Model A: L2 regularization,18,0.8722222222222222,0.6481481481481481
55,Model B: no L2 regularization,18,0.8722222222222222,0.6481481481481481
55,Model A: L2 regularization,19,0.8740740740740741,0.6388888888888888
55,Model B: no L2 regularization,19,0.8740740740740741,0.6388888888888888
55,Model A: L2 regularization,20,0.8740740740740741,0.6388888888888888
55,Model B: no L2 regularization,20,0.8740740740740741,0.6388888888888888
55,Model A: L2 regularization,21,0.8740740740740741,0.6351851851851852
55,Model B: no L2 regularization,21,0.8740740740740741,0.6351851851851852
55,Model A: L2 regularization,22,0.8759259259259259,0.6296296296296297
55,Model B: no L2 regularization,22,0.8759259259259259,0.6296296296296297
55,Model A: L2 regularization,23,0.8796296296296297,0.6296296296296297
55,Model B: no L2 regularization,23,0.8796296296296297,0.6296296296296297
55,Model A: L2 regularization,24,0.8833333333333333,0.6259259259259259
55,Model B: no L2 regularization,24,0.8833333333333333,0.6259259259259259
55,Model A: L2 regularization,25,0.8870370370370371,0.6259259259259259
55,Model B: no L2 regularization,25,0.8870370370370371,0.6259259259259259
55,Model A: L2 regularization,26,0.8907407407407407,0.6222222222222222
55,Model B: no L2 regularization,26,0.8907407407407407,0.6222222222222222
55,Model A: L2 regularization,27,0.8925925925925926,0.6166666666666667
55,Model B: no L2 regularization,27,0.8925925925925926,0.6166666666666667
55,Model A: L2 regularization,28,0.8962962962962963,0.6148148148148148
55,Model B: no L2 regularization,28,0.8962962962962963,0.6166666666666667
55,Model A: L2 regularization,29,0.8981481481481481,0.6074074074074074
55,Model B: no L2 regularization,29,0.8981481481481481,0.6074074074074074
55,Model A: L2 regularization,30,0.9,0.6055555555555555
55,Model B: no L2 regularization,30,0.9,0.6055555555555555
