seed,model,l2_alpha,pre_change_accuracy,immediate_post_change_accuracy,immediate_decline,accuracy_epoch_5,accuracy_epoch_10,final_new_accuracy,final_old_accuracy,forgetting,epochs_to_90_percent,recovery_rate_first_10_epochs
11,Model A: L2 regularization,0.001,0.8851851851851852,0.15,0.7351851851851852,0.7222222222222222,0.8518518518518519,0.9166666666666666,0.6481481481481481,0.23703703703703705,20.0,0.07018518518518518
11,Model B: no L2 regularization,0.0,0.8851851851851852,0.15,0.7351851851851852,0.7222222222222222,0.8518518518518519,0.9185185185185185,0.6481481481481481,0.23703703703703705,20.0,0.07018518518518518
22,Model A: L2 regularization,0.001,0.8425925925925926,0.23703703703703705,0.6055555555555555,0.7314814814814815,0.8296296296296296,0.9166666666666666,0.6518518518518519,0.19074074074074066,23.0,0.059259259259259255
22,Model B: no L2 regularization,0.0,0.8425925925925926,0.23703703703703705,0.6055555555555555,0.7314814814814815,0.8296296296296296,0.9166666666666666,0.6518518518518519,0.19074074074074066,23.0,0.059259259259259255
33,Model A: L2 regularization,0.001,0.9055555555555556,0.08518518518518518,0.8203703703703704,0.674074074074074,0.8277777777777777,0.9148148148148149,0.6425925925925926,0.26296296296296295,21.0,0.07425925925925926
33,Model B: no L2 regularization,0.0,0.9055555555555556,0.08518518518518518,0.8203703703703704,0.674074074074074,0.8277777777777777,0.9148148148148149,0.6425925925925926,0.26296296296296295,21.0,0.07425925925925926
44,Model A: L2 regularization,0.001,0.8888888888888888,0.17037037037037037,0.7185185185185184,0.7481481481481481,0.8203703703703704,0.8833333333333333,0.5814814814814815,0.30740740740740735,,0.065
44,Model B: no L2 regularization,0.0,0.8888888888888888,0.17037037037037037,0.7185185185185184,0.7481481481481481,0.8203703703703704,0.8833333333333333,0.5814814814814815,0.30740740740740735,,0.065
55,Model A: L2 regularization,0.001,0.8888888888888888,0.12222222222222222,0.7666666666666666,0.6944444444444444,0.8074074074074075,0.9,0.6055555555555555,0.2833333333333333,30.0,0.06851851851851852
55,Model B: no L2 regularization,0.0,0.8888888888888888,0.12222222222222222,0.7666666666666666,0.6944444444444444,0.8074074074074075,0.9,0.6055555555555555,0.2833333333333333,30.0,0.06851851851851852
